Gmt time,Open,High,Low,Close,Volume
06.01.2020 00:00:00.000,130.767,130.817,130.766,130.798,686.97
06.01.2020 00:05:00.000,130.798,130.827,130.798,130.827,32.121.999.999.999.900
06.01.2020 00:10:00.000,130.827,130.828,130.800,130.803,283.7
06.01.2020 00:15:00.000,130.803,130.818,130.802,130.817,315.13
06.01.2020 00:20:00.000,130.818,130.845,130.816,130.842,26.553.999.999.999.900
06.01.2020 00:25:00.000,130.842,130.875,130.842,130.865,228.86
06.01.2020 00:30:00.000,130.865,130.877,130.850,130.861,366.63
06.01.2020 00:35:00.000,130.861,130.866,130.844,130.844,22.029.000.000.000.000
06.01.2020 00:40:00.000,130.844,130.865,130.844,130.865,33.216.999.999.999.900
06.01.2020 00:45:00.000,130.863,130.863,130.846,130.857,312.54
06.01.2020 00:50:00.000,130.855,130.864,130.814,130.826,325.37
06.01.2020 00:55:00.000,130.826,130.826,130.775,130.796,45.829.999.999.999.900
06.01.2020 01:00:00.000,130.793,130.801,130.775,130.796,448.07
06.01.2020 01:05:00.000,130.796,130.799,130.767,130.767,30.141.999.999.999.900
06.01.2020 01:10:00.000,130.767,130.774,130.751,130.757,23.924.999.999.999.900
06.01.2020 01:15:00.000,130.757,130.777,130.756,130.764,296.27
06.01.2020 01:20:00.000,130.766,130.787,130.764,130.775,283.13
06.01.2020 01:25:00.000,130.777,130.779,130.768,130.773,119.93
06.01.2020 01:30:00.000,130.775,130.787,130.770,130.774,264.23
06.01.2020 01:35:00.000,130.774,130.808,130.774,130.800,489.95
06.01.2020 01:40:00.000,130.799,130.813,130.799,130.808,332.88
06.01.2020 01:45:00.000,130.808,130.811,130.793,130.794,258.81
06.01.2020 01:50:00.000,130.795,130.809,130.777,130.780,31.284.000.000.000.000
06.01.2020 01:55:00.000,130.780,130.797,130.780,130.788,169.94
06.01.2020 02:00:00.000,130.788,130.857,130.788,130.848,370.26
06.01.2020 02:05:00.000,130.848,130.861,130.839,130.861,22.885.000.000.000.000
06.01.2020 02:10:00.000,130.859,130.860,130.846,130.849,118.05
06.01.2020 02:15:00.000,130.849,130.849,130.828,130.829,16.242.000.000.000.000
06.01.2020 02:20:00.000,130.828,130.831,130.819,130.828,14.961.999.999.999.900
06.01.2020 02:25:00.000,130.829,130.869,130.829,130.867,217.86
06.01.2020 02:30:00.000,130.867,130.868,130.846,130.863,272.57
06.01.2020 02:35:00.000,130.860,130.872,130.835,130.841,291
06.01.2020 02:40:00.000,130.840,130.859,130.837,130.859,179.2
06.01.2020 02:45:00.000,130.858,130.861,130.857,130.857,52.599.999.999.999.900
06.01.2020 02:50:00.000,130.858,130.878,130.858,130.863,11.466.999.999.999.900
06.01.2020 02:55:00.000,130.862,130.871,130.848,130.869,141.18
06.01.2020 03:00:00.000,130.868,130.889,130.860,130.889,174.25
06.01.2020 03:05:00.000,130.888,130.888,130.868,130.871,24.383.999.999.999.900
06.01.2020 03:10:00.000,130.871,130.883,130.858,130.865,97.19
06.01.2020 03:15:00.000,130.866,130.869,130.858,130.869,15.310.000.000.000.000
06.01.2020 03:20:00.000,130.869,130.888,130.867,130.888,10.964.999.999.999.900
06.01.2020 03:25:00.000,130.890,130.899,130.866,130.874,325.19
06.01.2020 03:30:00.000,130.874,130.874,130.864,130.864,235.84
06.01.2020 03:35:00.000,130.863,130.863,130.834,130.836,195.76
06.01.2020 03:40:00.000,130.834,130.837,130.805,130.815,178.14
06.01.2020 03:45:00.000,130.815,130.848,130.812,130.841,265.95
06.01.2020 03:50:00.000,130.840,130.862,130.837,130.857,214.45
06.01.2020 03:55:00.000,130.855,130.856,130.815,130.815,243.05
06.01.2020 04:00:00.000,130.815,130.821,130.811,130.815,132.78
06.01.2020 04:05:00.000,130.816,130.824,130.815,130.818,93.95
06.01.2020 04:10:00.000,130.818,130.833,130.818,130.828,137.37
06.01.2020 04:15:00.000,130.828,130.844,130.816,130.842,357.6
06.01.2020 04:20:00.000,130.845,130.852,130.834,130.847,358.32
06.01.2020 04:25:00.000,130.847,130.856,130.839,130.854,373.15
06.01.2020 04:30:00.000,130.854,130.857,130.845,130.856,48.019.000.000.000.000
06.01.2020 04:35:00.000,130.857,130.868,130.837,130.842,182.44
06.01.2020 04:40:00.000,130.841,130.842,130.827,130.834,14.207.999.999.999.900
06.01.2020 04:45:00.000,130.831,130.831,130.816,130.816,143.89
06.01.2020 04:50:00.000,130.816,130.819,130.807,130.816,167.46
06.01.2020 04:55:00.000,130.817,130.837,130.814,130.837,176.65
06.01.2020 05:00:00.000,130.838,130.857,130.838,130.845,257.95
06.01.2020 05:05:00.000,130.844,130.849,130.839,130.846,165.79
06.01.2020 05:10:00.000,130.846,130.847,130.817,130.828,256.56
06.01.2020 05:15:00.000,130.828,130.829,130.815,130.815,96.59
06.01.2020 05:20:00.000,130.816,130.830,130.816,130.830,14.939.000.000.000.000
06.01.2020 05:25:00.000,130.829,130.829,130.816,130.828,107.01
06.01.2020 05:30:00.000,130.831,130.833,130.820,130.827,186.56
06.01.2020 05:35:00.000,130.828,130.829,130.817,130.818,128.59
06.01.2020 05:40:00.000,130.818,130.856,130.816,130.820,41.659.000.000.000.000
06.01.2020 05:45:00.000,130.819,130.831,130.815,130.817,17.282.000.000.000.000
06.01.2020 05:50:00.000,130.817,130.817,130.797,130.805,220.46
06.01.2020 05:55:00.000,130.805,130.808,130.796,130.808,205.38
06.01.2020 06:00:00.000,130.808,130.813,130.798,130.807,264.18
06.01.2020 06:05:00.000,130.807,130.808,130.757,130.769,282.35
06.01.2020 06:10:00.000,130.765,130.773,130.715,130.726,516.15
06.01.2020 06:15:00.000,130.726,130.730,130.684,130.685,6.425.000.000.000.000
06.01.2020 06:20:00.000,130.684,130.730,130.684,130.729,428.52
06.01.2020 06:25:00.000,130.729,130.784,130.728,130.779,297.13
06.01.2020 06:30:00.000,130.780,130.789,130.769,130.769,259.82
06.01.2020 06:35:00.000,130.768,130.779,130.747,130.748,461.87
06.01.2020 06:40:00.000,130.748,130.767,130.733,130.761,323.05
06.01.2020 06:45:00.000,130.761,130.829,130.761,130.824,725.75
06.01.2020 06:50:00.000,130.824,130.829,130.815,130.824,705.05
06.01.2020 06:55:00.000,130.826,130.830,130.817,130.824,371.39
06.01.2020 07:00:00.000,130.822,130.867,130.787,130.843,980.53
06.01.2020 07:05:00.000,130.844,130.864,130.838,130.855,550.12
06.01.2020 07:10:00.000,130.852,130.855,130.788,130.816,682.85
06.01.2020 07:15:00.000,130.814,130.821,130.770,130.772,11.103.300.000.000.000
06.01.2020 07:20:00.000,130.771,130.854,130.770,130.854,1000.11
06.01.2020 07:25:00.000,130.854,130.942,130.846,130.891,1117.75
06.01.2020 07:30:00.000,130.890,130.902,130.805,130.826,1232
06.01.2020 07:35:00.000,130.826,130.849,130.789,130.826,10.080.699.999.999.900
06.01.2020 07:40:00.000,130.826,130.853,130.802,130.825,788.18
06.01.2020 07:45:00.000,130.826,130.852,130.787,130.789,5.966.599.999.999.990
06.01.2020 07:50:00.000,130.788,130.802,130.755,130.760,859.66
06.01.2020 07:55:00.000,130.759,130.770,130.698,130.730,1738.45
06.01.2020 08:00:00.000,130.729,130.826,130.729,130.780,19.675.099.999.999.900
06.01.2020 08:05:00.000,130.779,130.829,130.722,130.759,10.070.699.999.999.900
06.01.2020 08:10:00.000,130.759,130.768,130.658,130.668,876.51
06.01.2020 08:15:00.000,130.668,130.767,130.638,130.758,1407.97
06.01.2020 08:20:00.000,130.758,130.767,130.709,130.729,841.92
06.01.2020 08:25:00.000,130.729,130.746,130.700,130.745,652.96
06.01.2020 08:30:00.000,130.745,130.762,130.703,130.761,693.52
06.01.2020 08:35:00.000,130.761,130.832,130.749,130.800,720.96
06.01.2020 08:40:00.000,130.801,130.825,130.792,130.810,662.9
06.01.2020 08:45:00.000,130.807,130.894,130.801,130.890,912.9
06.01.2020 08:50:00.000,130.891,131.004,130.851,130.959,11.921.100.000.000.000
06.01.2020 08:55:00.000,130.960,131.084,130.942,131.053,15.060.099.999.999.900
06.01.2020 09:00:00.000,131.055,131.158,131.034,131.119,14.625.199.999.999.900
06.01.2020 09:05:00.000,131.116,131.129,131.029,131.091,12.010.700.000.000.000
06.01.2020 09:10:00.000,131.092,131.210,131.085,131.210,938.22
06.01.2020 09:15:00.000,131.208,131.232,131.141,131.190,1087.98
06.01.2020 09:20:00.000,131.195,131.270,131.180,131.200,896.59
06.01.2020 09:25:00.000,131.200,131.242,131.162,131.234,924.85
06.01.2020 09:30:00.000,131.234,131.286,131.130,131.275,1647.4
06.01.2020 09:35:00.000,131.276,131.446,131.273,131.400,1975.63
06.01.2020 09:40:00.000,131.400,131.458,131.381,131.439,1551.56
06.01.2020 09:45:00.000,131.438,131.482,131.423,131.433,1137.47
06.01.2020 09:50:00.000,131.433,131.433,131.344,131.389,1109.96
06.01.2020 09:55:00.000,131.389,131.449,131.375,131.429,1174.28
06.01.2020 10:00:00.000,131.432,131.476,131.412,131.444,1529.95
06.01.2020 10:05:00.000,131.442,131.476,131.374,131.388,1072.53
06.01.2020 10:10:00.000,131.388,131.563,131.388,131.550,10.406.999.999.999.900
06.01.2020 10:15:00.000,131.554,131.633,131.490,131.596,19.176.799.999.999.900
06.01.2020 10:20:00.000,131.596,131.651,131.582,131.645,15.918.899.999.999.900
06.01.2020 10:25:00.000,131.647,131.666,131.584,131.586,847.27
06.01.2020 10:30:00.000,131.587,131.635,131.528,131.533,880.74
06.01.2020 10:35:00.000,131.532,131.701,131.528,131.698,1037.27
06.01.2020 10:40:00.000,131.699,131.730,131.637,131.637,1370.03
06.01.2020 10:45:00.000,131.638,131.682,131.615,131.626,787.72
06.01.2020 10:50:00.000,131.626,131.638,131.577,131.578,686.6
06.01.2020 10:55:00.000,131.577,131.599,131.513,131.520,764.16
06.01.2020 11:00:00.000,131.526,131.631,131.514,131.622,743.46
06.01.2020 11:05:00.000,131.623,131.711,131.608,131.686,810.28
06.01.2020 11:10:00.000,131.685,131.730,131.592,131.596,8.856.700.000.000.000
06.01.2020 11:15:00.000,131.593,131.629,131.555,131.556,6.178.499.999.999.990
06.01.2020 11:20:00.000,131.556,131.643,131.549,131.603,9.029.499.999.999.990
06.01.2020 11:25:00.000,131.604,131.652,131.601,131.648,778.39
06.01.2020 11:30:00.000,131.650,131.743,131.643,131.663,7.646.800.000.000.000
06.01.2020 11:35:00.000,131.663,131.676,131.569,131.575,809.11
06.01.2020 11:40:00.000,131.581,131.602,131.544,131.560,665.63
06.01.2020 11:45:00.000,131.560,131.568,131.506,131.543,566.85
06.01.2020 11:50:00.000,131.544,131.585,131.531,131.584,5.493.800.000.000.000
06.01.2020 11:55:00.000,131.584,131.596,131.534,131.564,474.21
06.01.2020 12:00:00.000,131.566,131.566,131.462,131.472,8.404.599.999.999.990
06.01.2020 12:05:00.000,131.473,131.495,131.443,131.474,7.605.699.999.999.990
06.01.2020 12:10:00.000,131.472,131.530,131.444,131.525,45.646.999.999.999.900
06.01.2020 12:15:00.000,131.522,131.544,131.506,131.525,597.5
06.01.2020 12:20:00.000,131.524,131.566,131.502,131.509,6.898.199.999.999.990
06.01.2020 12:25:00.000,131.509,131.509,131.437,131.460,633.77
06.01.2020 12:30:00.000,131.462,131.486,131.434,131.456,574.52
06.01.2020 12:35:00.000,131.456,131.503,131.447,131.467,723.48
06.01.2020 12:40:00.000,131.468,131.492,131.434,131.490,45.054.999.999.999.900
06.01.2020 12:45:00.000,131.489,131.513,131.462,131.511,42.725.000.000.000.000
06.01.2020 12:50:00.000,131.512,131.554,131.432,131.432,6.208.399.999.999.990
06.01.2020 12:55:00.000,131.432,131.485,131.382,131.382,683.72
06.01.2020 13:00:00.000,131.388,131.472,131.372,131.422,648.55
06.01.2020 13:05:00.000,131.422,131.453,131.363,131.371,5.967.900.000.000.000
06.01.2020 13:10:00.000,131.371,131.412,131.343,131.353,572.89
06.01.2020 13:15:00.000,131.354,131.412,131.343,131.400,716.08
06.01.2020 13:20:00.000,131.399,131.422,131.358,131.413,553.3
06.01.2020 13:25:00.000,131.413,131.434,131.393,131.406,4.909.699.999.999.990
06.01.2020 13:30:00.000,131.406,131.417,131.364,131.393,596.55
06.01.2020 13:35:00.000,131.393,131.473,131.391,131.430,43.584.999.999.999.900
06.01.2020 13:40:00.000,131.428,131.485,131.424,131.438,49.515.999.999.999.900
06.01.2020 13:45:00.000,131.438,131.440,131.372,131.405,358.34
06.01.2020 13:50:00.000,131.408,131.436,131.404,131.427,389.27
06.01.2020 13:55:00.000,131.426,131.436,131.392,131.403,36.532.000.000.000.000
06.01.2020 14:00:00.000,131.403,131.420,131.330,131.344,715.13
06.01.2020 14:05:00.000,131.344,131.426,131.343,131.390,546.48
06.01.2020 14:10:00.000,131.391,131.426,131.389,131.426,26.203.999.999.999.900
06.01.2020 14:15:00.000,131.426,131.435,131.400,131.422,372.86
06.01.2020 14:20:00.000,131.423,131.446,131.391,131.444,492.42
06.01.2020 14:25:00.000,131.444,131.486,131.427,131.473,8.770.500.000.000.000
06.01.2020 14:30:00.000,131.473,131.609,131.473,131.555,1827.7
06.01.2020 14:35:00.000,131.555,131.559,131.485,131.494,918.08
06.01.2020 14:40:00.000,131.493,131.493,131.447,131.468,9.180.799.999.999.990
06.01.2020 14:45:00.000,131.468,131.484,131.409,131.418,823.16
06.01.2020 14:50:00.000,131.420,131.432,131.406,131.421,732.43
06.01.2020 14:55:00.000,131.421,131.425,131.353,131.363,8.367.499.999.999.990
06.01.2020 15:00:00.000,131.362,131.403,131.333,131.374,773.31
06.01.2020 15:05:00.000,131.374,131.450,131.374,131.426,632.7
06.01.2020 15:10:00.000,131.427,131.467,131.387,131.452,619.9
06.01.2020 15:15:00.000,131.452,131.500,131.436,131.479,652.02
06.01.2020 15:20:00.000,131.478,131.494,131.424,131.438,9.550.799.999.999.990
06.01.2020 15:25:00.000,131.439,131.539,131.439,131.503,672.77
06.01.2020 15:30:00.000,131.506,131.573,131.466,131.540,1135.14
06.01.2020 15:35:00.000,131.539,131.551,131.496,131.498,7.246.700.000.000.000
06.01.2020 15:40:00.000,131.498,131.506,131.453,131.484,1049.52
06.01.2020 15:45:00.000,131.485,131.537,131.482,131.498,799.02
06.01.2020 15:50:00.000,131.498,131.578,131.496,131.566,549.84
06.01.2020 15:55:00.000,131.565,131.622,131.544,131.584,946.15
06.01.2020 16:00:00.000,131.584,131.603,131.518,131.525,8.133.999.999.999.990
06.01.2020 16:05:00.000,131.527,131.569,131.517,131.566,412.94
06.01.2020 16:10:00.000,131.566,131.611,131.544,131.553,598.4
06.01.2020 16:15:00.000,131.552,131.632,131.551,131.632,42.118.999.999.999.900
06.01.2020 16:20:00.000,131.634,131.680,131.625,131.664,50.621.000.000.000.000
06.01.2020 16:25:00.000,131.662,131.697,131.624,131.636,7.748.800.000.000.000
06.01.2020 16:30:00.000,131.637,131.671,131.614,131.629,7.973.099.999.999.990
06.01.2020 16:35:00.000,131.629,131.664,131.616,131.645,572.82
06.01.2020 16:40:00.000,131.645,131.667,131.624,131.631,36.871.000.000.000.000
06.01.2020 16:45:00.000,131.629,131.636,131.584,131.591,594.94
06.01.2020 16:50:00.000,131.592,131.625,131.564,131.617,458.01
06.01.2020 16:55:00.000,131.617,131.635,131.598,131.622,43.469.000.000.000.000
06.01.2020 17:00:00.000,131.620,131.680,131.573,131.679,589.28
06.01.2020 17:05:00.000,131.678,131.693,131.672,131.682,42.781.000.000.000.000
06.01.2020 17:10:00.000,131.682,131.719,131.669,131.681,380.72
06.01.2020 17:15:00.000,131.681,131.745,131.681,131.711,5.809.499.999.999.990
06.01.2020 17:20:00.000,131.711,131.722,131.691,131.705,448.05
06.01.2020 17:25:00.000,131.707,131.721,131.661,131.671,650.62
06.01.2020 17:30:00.000,131.672,131.681,131.642,131.659,42.617.999.999.999.900
06.01.2020 17:35:00.000,131.660,131.661,131.620,131.631,466.18
06.01.2020 17:40:00.000,131.631,131.636,131.603,131.612,278.77
06.01.2020 17:45:00.000,131.612,131.618,131.568,131.582,350.96
06.01.2020 17:50:00.000,131.582,131.619,131.581,131.584,372.08
06.01.2020 17:55:00.000,131.587,131.604,131.560,131.589,582.83
06.01.2020 18:00:00.000,131.588,131.646,131.585,131.603,566.31
06.01.2020 18:05:00.000,131.602,131.617,131.595,131.614,207.94
06.01.2020 18:10:00.000,131.614,131.643,131.607,131.615,275.02
06.01.2020 18:15:00.000,131.616,131.636,131.601,131.616,238.2
06.01.2020 18:20:00.000,131.616,131.676,131.615,131.667,304.1
06.01.2020 18:25:00.000,131.665,131.665,131.639,131.645,287.58
06.01.2020 18:30:00.000,131.645,131.646,131.631,131.643,22.853.000.000.000.000
06.01.2020 18:35:00.000,131.645,131.659,131.641,131.646,16.970.999.999.999.900
06.01.2020 18:40:00.000,131.646,131.662,131.642,131.659,427
06.01.2020 18:45:00.000,131.659,131.663,131.638,131.643,273.38
06.01.2020 18:50:00.000,131.646,131.646,131.605,131.606,265.31
06.01.2020 18:55:00.000,131.606,131.612,131.574,131.574,258.97
06.01.2020 19:00:00.000,131.574,131.581,131.555,131.572,377.08
06.01.2020 19:05:00.000,131.572,131.609,131.572,131.596,275.86
06.01.2020 19:10:00.000,131.596,131.597,131.564,131.569,405.77
06.01.2020 19:15:00.000,131.571,131.574,131.553,131.566,262.93
06.01.2020 19:20:00.000,131.561,131.589,131.553,131.582,179.07
06.01.2020 19:25:00.000,131.581,131.610,131.577,131.607,278.65
06.01.2020 19:30:00.000,131.607,131.608,131.555,131.564,316.56
06.01.2020 19:35:00.000,131.565,131.583,131.558,131.562,304.07
06.01.2020 19:40:00.000,131.565,131.591,131.562,131.589,189.36
06.01.2020 19:45:00.000,131.588,131.608,131.572,131.588,30.803.999.999.999.900
06.01.2020 19:50:00.000,131.588,131.591,131.573,131.579,38.065.999.999.999.900
06.01.2020 19:55:00.000,131.580,131.638,131.579,131.627,342.99
06.01.2020 20:00:00.000,131.626,131.633,131.596,131.608,23.992.000.000.000.000
06.01.2020 20:05:00.000,131.607,131.618,131.597,131.601,164.63
06.01.2020 20:10:00.000,131.606,131.630,131.606,131.627,107.57
06.01.2020 20:15:00.000,131.627,131.644,131.626,131.627,10.772.999.999.999.900
06.01.2020 20:20:00.000,131.626,131.638,131.612,131.612,203.6
06.01.2020 20:25:00.000,131.612,131.623,131.608,131.612,337.1
06.01.2020 20:30:00.000,131.612,131.612,131.594,131.611,353.26
06.01.2020 20:35:00.000,131.610,131.610,131.587,131.608,174.37
06.01.2020 20:40:00.000,131.607,131.619,131.600,131.617,219.68
06.01.2020 20:45:00.000,131.614,131.617,131.597,131.608,354.09
06.01.2020 20:50:00.000,131.608,131.669,131.606,131.646,24.805.999.999.999.900
06.01.2020 20:55:00.000,131.646,131.672,131.639,131.661,345.92
06.01.2020 21:00:00.000,131.659,131.661,131.647,131.657,5.864.000.000.000.000
06.01.2020 21:05:00.000,131.656,131.658,131.637,131.648,116.22
06.01.2020 21:10:00.000,131.648,131.650,131.642,131.647,63.98
06.01.2020 21:15:00.000,131.646,131.648,131.638,131.647,8.588.999.999.999.990
06.01.2020 21:20:00.000,131.646,131.659,131.640,131.640,146.27
06.01.2020 21:25:00.000,131.640,131.668,131.640,131.660,193.35
06.01.2020 21:30:00.000,131.661,131.663,131.651,131.657,171.86
06.01.2020 21:35:00.000,131.654,131.670,131.651,131.662,92.64
06.01.2020 21:40:00.000,131.662,131.666,131.651,131.660,12.467.999.999.999.900
06.01.2020 21:45:00.000,131.660,131.684,131.660,131.670,13.751.999.999.999.900
06.01.2020 21:50:00.000,131.669,131.679,131.660,131.672,280.63
06.01.2020 21:55:00.000,131.672,131.685,131.667,131.685,172.36
06.01.2020 22:00:00.000,131.685,131.705,131.643,131.661,7.892.999.999.999.990
06.01.2020 22:05:00.000,131.657,131.735,131.645,131.711,60.300.000.000.000.000
06.01.2020 22:10:00.000,131.711,131.713,131.662,131.696,85.5
06.01.2020 22:15:00.000,131.696,131.755,131.691,131.743,108.24
06.01.2020 22:20:00.000,131.744,131.752,131.740,131.748,79.11
06.01.2020 22:25:00.000,131.749,131.764,131.749,131.749,84.14
06.01.2020 22:30:00.000,131.750,131.751,131.745,131.746,51.300.000.000.000.000
06.01.2020 22:35:00.000,131.746,131.756,131.745,131.751,49.99
06.01.2020 22:40:00.000,131.751,131.785,131.726,131.754,196.95
06.01.2020 22:45:00.000,131.750,131.754,131.728,131.743,11.200.000.000.000.000
06.01.2020 22:50:00.000,131.743,131.748,131.740,131.746,8.588.000.000.000.000
06.01.2020 22:55:00.000,131.743,131.750,131.731,131.749,48.87
06.01.2020 23:00:00.000,131.749,131.752,131.722,131.729,273.55
06.01.2020 23:05:00.000,131.725,131.729,131.718,131.722,9.989.999.999.999.990
06.01.2020 23:10:00.000,131.728,131.733,131.719,131.728,96.22
06.01.2020 23:15:00.000,131.728,131.742,131.728,131.740,170.09
06.01.2020 23:20:00.000,131.740,131.740,131.715,131.716,67.64
06.01.2020 23:25:00.000,131.714,131.719,131.699,131.700,134.6
06.01.2020 23:30:00.000,131.700,131.709,131.684,131.705,270.11
06.01.2020 23:35:00.000,131.707,131.713,131.680,131.684,406.56
06.01.2020 23:40:00.000,131.684,131.704,131.679,131.696,5.898.800.000.000.000
06.01.2020 23:45:00.000,131.697,131.721,131.693,131.700,1192.76
06.01.2020 23:50:00.000,131.700,131.713,131.698,131.706,9.847.900.000.000.000
06.01.2020 23:55:00.000,131.704,131.711,131.700,131.711,722.33
07.01.2020 00:00:00.000,131.708,131.721,131.703,131.715,603.13
07.01.2020 00:05:00.000,131.716,131.724,131.695,131.695,337.76
07.01.2020 00:10:00.000,131.695,131.717,131.692,131.710,460.56
07.01.2020 00:15:00.000,131.710,131.724,131.694,131.724,536.54
07.01.2020 00:20:00.000,131.723,131.738,131.723,131.735,418.62
07.01.2020 00:25:00.000,131.734,131.739,131.728,131.729,3.581.700.000.000.000
07.01.2020 00:30:00.000,131.732,131.732,131.707,131.710,216.29
07.01.2020 00:35:00.000,131.710,131.714,131.692,131.711,19.120.000.000.000.000
07.01.2020 00:40:00.000,131.712,131.767,131.705,131.760,6.180.400.000.000.000
07.01.2020 00:45:00.000,131.761,131.762,131.735,131.741,317.73
07.01.2020 00:50:00.000,131.742,131.758,131.735,131.748,242
07.01.2020 00:55:00.000,131.752,131.753,131.722,131.724,27.908.000.000.000.000
07.01.2020 01:00:00.000,131.727,131.731,131.697,131.710,264.62
07.01.2020 01:05:00.000,131.712,131.733,131.709,131.726,111.79
07.01.2020 01:10:00.000,131.727,131.740,131.727,131.738,15.985.000.000.000.000
07.01.2020 01:15:00.000,131.737,131.750,131.729,131.746,215.99
07.01.2020 01:20:00.000,131.748,131.773,131.739,131.739,41.340.999.999.999.900
07.01.2020 01:25:00.000,131.741,131.749,131.738,131.739,191.81
07.01.2020 01:30:00.000,131.739,131.742,131.708,131.720,216.2
07.01.2020 01:35:00.000,131.720,131.734,131.719,131.726,165.27
07.01.2020 01:40:00.000,131.725,131.744,131.724,131.739,22.704.000.000.000.000
07.01.2020 01:45:00.000,131.739,131.746,131.708,131.718,538.57
07.01.2020 01:50:00.000,131.719,131.728,131.719,131.726,17.323.999.999.999.900
07.01.2020 01:55:00.000,131.724,131.725,131.710,131.713,189.14
07.01.2020 02:00:00.000,131.714,131.717,131.691,131.697,326.89
07.01.2020 02:05:00.000,131.698,131.700,131.681,131.690,262.96
07.01.2020 02:10:00.000,131.691,131.704,131.691,131.699,597.13
07.01.2020 02:15:00.000,131.698,131.711,131.693,131.710,184.68
07.01.2020 02:20:00.000,131.712,131.721,131.708,131.708,20.570.999.999.999.900
07.01.2020 02:25:00.000,131.705,131.711,131.702,131.709,85.44
07.01.2020 02:30:00.000,131.709,131.718,131.709,131.712,117.01
07.01.2020 02:35:00.000,131.711,131.713,131.700,131.709,168.78
07.01.2020 02:40:00.000,131.709,131.710,131.694,131.694,180.47
07.01.2020 02:45:00.000,131.697,131.705,131.691,131.698,202.03
07.01.2020 02:50:00.000,131.698,131.702,131.689,131.692,19.676.000.000.000.000
07.01.2020 02:55:00.000,131.691,131.696,131.689,131.693,118.28
07.01.2020 03:00:00.000,131.693,131.699,131.685,131.697,17.683.999.999.999.900
07.01.2020 03:05:00.000,131.697,131.714,131.696,131.705,14.154.999.999.999.900
07.01.2020 03:10:00.000,131.706,131.726,131.701,131.719,173.18
07.01.2020 03:15:00.000,131.718,131.731,131.709,131.720,38.643.999.999.999.900
07.01.2020 03:20:00.000,131.720,131.726,131.710,131.712,310.97
07.01.2020 03:25:00.000,131.712,131.724,131.712,131.719,202.91
07.01.2020 03:30:00.000,131.720,131.724,131.719,131.721,200.87
07.01.2020 03:35:00.000,131.720,131.727,131.714,131.719,184.93
07.01.2020 03:40:00.000,131.725,131.740,131.725,131.735,181.82
07.01.2020 03:45:00.000,131.736,131.740,131.734,131.737,156.32
07.01.2020 03:50:00.000,131.739,131.755,131.739,131.752,153.42
07.01.2020 03:55:00.000,131.751,131.751,131.730,131.735,289.64
07.01.2020 04:00:00.000,131.735,131.750,131.731,131.748,616.33
07.01.2020 04:05:00.000,131.748,131.749,131.730,131.732,524.52
07.01.2020 04:10:00.000,131.732,131.739,131.731,131.733,373.33
07.01.2020 04:15:00.000,131.733,131.735,131.728,131.731,563.09
07.01.2020 04:20:00.000,131.734,131.751,131.731,131.742,270.93
07.01.2020 04:25:00.000,131.741,131.750,131.738,131.740,73.26
07.01.2020 04:30:00.000,131.740,131.741,131.719,131.720,68.65
07.01.2020 04:35:00.000,131.719,131.719,131.691,131.698,217.5
07.01.2020 04:40:00.000,131.698,131.719,131.696,131.718,21.307.999.999.999.900
07.01.2020 04:45:00.000,131.718,131.718,131.707,131.711,222.32
07.01.2020 04:50:00.000,131.710,131.719,131.696,131.699,28.366.999.999.999.900
07.01.2020 04:55:00.000,131.700,131.714,131.699,131.706,50.060.999.999.999.900
07.01.2020 05:00:00.000,131.704,131.712,131.698,131.708,300.85
07.01.2020 05:05:00.000,131.709,131.719,131.708,131.718,9.852.999.999.999.990
07.01.2020 05:10:00.000,131.717,131.719,131.715,131.719,52.830.000.000.000.000
07.01.2020 05:15:00.000,131.719,131.721,131.714,131.720,29.21
07.01.2020 05:20:00.000,131.721,131.723,131.711,131.717,60.68
07.01.2020 05:25:00.000,131.716,131.718,131.709,131.709,51.58
07.01.2020 05:30:00.000,131.709,131.714,131.708,131.710,8.282.000.000.000.000
07.01.2020 05:35:00.000,131.712,131.712,131.690,131.693,98.64
07.01.2020 05:40:00.000,131.692,131.692,131.688,131.688,101.38
07.01.2020 05:45:00.000,131.688,131.688,131.637,131.654,427.98
07.01.2020 05:50:00.000,131.653,131.654,131.607,131.624,360.33
07.01.2020 05:55:00.000,131.623,131.627,131.531,131.538,8.748.900.000.000.000
07.01.2020 06:00:00.000,131.539,131.576,131.476,131.574,1255.1
07.01.2020 06:05:00.000,131.575,131.617,131.558,131.602,750.5
07.01.2020 06:10:00.000,131.603,131.620,131.595,131.618,486.86
07.01.2020 06:15:00.000,131.618,131.624,131.557,131.572,43.403.000.000.000.000
07.01.2020 06:20:00.000,131.571,131.571,131.501,131.543,6.331.800.000.000.000
07.01.2020 06:25:00.000,131.543,131.582,131.538,131.567,481.49
07.01.2020 06:30:00.000,131.567,131.569,131.543,131.557,371.75
07.01.2020 06:35:00.000,131.559,131.605,131.557,131.599,275.43
07.01.2020 06:40:00.000,131.600,131.621,131.552,131.561,607.1
07.01.2020 06:45:00.000,131.561,131.583,131.557,131.582,369.12
07.01.2020 06:50:00.000,131.582,131.603,131.574,131.579,321.58
07.01.2020 06:55:00.000,131.578,131.585,131.541,131.551,41.967.999.999.999.900
07.01.2020 07:00:00.000,131.552,131.562,131.492,131.559,13.708.500.000.000.000
07.01.2020 07:05:00.000,131.559,131.581,131.549,131.569,10.023.100.000.000.000
07.01.2020 07:10:00.000,131.572,131.615,131.546,131.583,782.25
07.01.2020 07:15:00.000,131.583,131.592,131.553,131.557,403.1
07.01.2020 07:20:00.000,131.556,131.584,131.555,131.580,392.71
07.01.2020 07:25:00.000,131.581,131.584,131.523,131.527,503.88
07.01.2020 07:30:00.000,131.528,131.528,131.420,131.462,9.589.499.999.999.990
07.01.2020 07:35:00.000,131.465,131.483,131.418,131.467,8.118.899.999.999.990
07.01.2020 07:40:00.000,131.466,131.493,131.432,131.463,588.38
07.01.2020 07:45:00.000,131.468,131.470,131.420,131.447,806.43
07.01.2020 07:50:00.000,131.448,131.453,131.408,131.428,615.28
07.01.2020 07:55:00.000,131.428,131.469,131.409,131.435,7.521.800.000.000.000
07.01.2020 08:00:00.000,131.437,131.512,131.426,131.481,16.599.500.000.000.000
07.01.2020 08:05:00.000,131.482,131.542,131.463,131.537,996.52
07.01.2020 08:10:00.000,131.539,131.583,131.517,131.522,1078.44
07.01.2020 08:15:00.000,131.522,131.655,131.521,131.620,1094.18
07.01.2020 08:20:00.000,131.621,131.776,131.616,131.752,1112.28
07.01.2020 08:25:00.000,131.746,131.908,131.718,131.866,1545.9
07.01.2020 08:30:00.000,131.865,132.052,131.856,131.971,2036.53
07.01.2020 08:35:00.000,131.971,132.120,131.947,132.042,17.882.999.999.999.900
07.01.2020 08:40:00.000,132.042,132.079,131.963,131.975,1045.4
07.01.2020 08:45:00.000,131.977,132.008,131.926,131.980,12.036.999.999.999.900
07.01.2020 08:50:00.000,131.981,132.006,131.917,131.926,896.8
07.01.2020 08:55:00.000,131.927,131.927,131.858,131.879,1167.43
07.01.2020 09:00:00.000,131.877,131.940,131.869,131.873,1229.45
07.01.2020 09:05:00.000,131.874,131.884,131.806,131.821,10.510.300.000.000.000
07.01.2020 09:10:00.000,131.821,131.886,131.770,131.825,1048.14
07.01.2020 09:15:00.000,131.823,131.893,131.788,131.891,695.62
07.01.2020 09:20:00.000,131.891,131.970,131.824,131.836,1584.7
07.01.2020 09:25:00.000,131.836,131.909,131.836,131.903,785.32
07.01.2020 09:30:00.000,131.902,131.931,131.855,131.872,953.63
07.01.2020 09:35:00.000,131.872,131.881,131.819,131.828,1075.25
07.01.2020 09:40:00.000,131.829,131.885,131.818,131.866,7.754.799.999.999.990
07.01.2020 09:45:00.000,131.866,131.866,131.791,131.806,927.75
07.01.2020 09:50:00.000,131.808,131.817,131.707,131.747,868.72
07.01.2020 09:55:00.000,131.747,131.760,131.672,131.728,693.88
07.01.2020 10:00:00.000,131.727,131.734,131.663,131.678,971.38
07.01.2020 10:05:00.000,131.680,131.695,131.580,131.641,10.881.699.999.999.900
07.01.2020 10:10:00.000,131.642,131.659,131.568,131.623,9.206.899.999.999.990
07.01.2020 10:15:00.000,131.625,131.674,131.567,131.574,1322.71
07.01.2020 10:20:00.000,131.575,131.653,131.570,131.583,1002.87
07.01.2020 10:25:00.000,131.584,131.602,131.497,131.511,1574.35
07.01.2020 10:30:00.000,131.509,131.555,131.477,131.489,1917.86
07.01.2020 10:35:00.000,131.489,131.572,131.481,131.561,1321.78
07.01.2020 10:40:00.000,131.560,131.560,131.456,131.472,8.429.999.999.999.990
07.01.2020 10:45:00.000,131.472,131.503,131.452,131.471,8.511.400.000.000.000
07.01.2020 10:50:00.000,131.472,131.546,131.471,131.520,652.05
07.01.2020 10:55:00.000,131.520,131.604,131.514,131.602,1098.13
07.01.2020 11:00:00.000,131.602,131.637,131.576,131.603,8.703.900.000.000.000
07.01.2020 11:05:00.000,131.603,131.607,131.540,131.551,965
07.01.2020 11:10:00.000,131.551,131.611,131.537,131.602,939.89
07.01.2020 11:15:00.000,131.602,131.602,131.554,131.567,622
07.01.2020 11:20:00.000,131.567,131.582,131.539,131.565,568.28
07.01.2020 11:25:00.000,131.564,131.643,131.563,131.578,990.1
07.01.2020 11:30:00.000,131.577,131.586,131.509,131.542,777.73
07.01.2020 11:35:00.000,131.542,131.563,131.470,131.473,7.419.400.000.000.000
07.01.2020 11:40:00.000,131.473,131.530,131.450,131.516,618.69
07.01.2020 11:45:00.000,131.516,131.545,131.512,131.529,7.629.799.999.999.990
07.01.2020 11:50:00.000,131.529,131.565,131.505,131.512,762.07
07.01.2020 11:55:00.000,131.511,131.512,131.466,131.467,685.18
07.01.2020 12:00:00.000,131.472,131.478,131.415,131.417,537.37
07.01.2020 12:05:00.000,131.416,131.418,131.222,131.314,2056.62
07.01.2020 12:10:00.000,131.314,131.397,131.312,131.352,984.85
07.01.2020 12:15:00.000,131.353,131.353,131.283,131.302,851.44
07.01.2020 12:20:00.000,131.301,131.308,131.222,131.239,8.914.099.999.999.990
07.01.2020 12:25:00.000,131.241,131.260,131.097,131.179,15.878.899.999.999.900
07.01.2020 12:30:00.000,131.184,131.238,131.171,131.192,1177.96
07.01.2020 12:35:00.000,131.193,131.243,131.188,131.195,1039.42
07.01.2020 12:40:00.000,131.196,131.239,131.159,131.233,918.63
07.01.2020 12:45:00.000,131.232,131.276,131.231,131.257,958.27
07.01.2020 12:50:00.000,131.257,131.282,131.233,131.237,6.796.800.000.000.000
07.01.2020 12:55:00.000,131.237,131.256,131.183,131.205,12.946.200.000.000.000
07.01.2020 13:00:00.000,131.203,131.215,131.138,131.139,11.503.899.999.999.900
07.01.2020 13:05:00.000,131.139,131.139,131.020,131.058,16.016.699.999.999.900
07.01.2020 13:10:00.000,131.060,131.163,131.043,131.146,1313.48
07.01.2020 13:15:00.000,131.147,131.167,131.107,131.160,997.05
07.01.2020 13:20:00.000,131.160,131.223,131.160,131.171,1051.06
07.01.2020 13:25:00.000,131.172,131.180,131.145,131.152,614.92
07.01.2020 13:30:00.000,131.151,131.175,131.105,131.174,936.19
07.01.2020 13:35:00.000,131.175,131.206,131.157,131.203,9.220.699.999.999.990
07.01.2020 13:40:00.000,131.203,131.215,131.168,131.176,9.294.200.000.000.000
07.01.2020 13:45:00.000,131.175,131.233,131.172,131.204,5.509.100.000.000.000
07.01.2020 13:50:00.000,131.201,131.226,131.155,131.167,1031.79
07.01.2020 13:55:00.000,131.166,131.190,131.124,131.179,1004.21
07.01.2020 14:00:00.000,131.179,131.205,131.157,131.168,960.84
07.01.2020 14:05:00.000,131.168,131.198,131.159,131.188,5.712.299.999.999.990
07.01.2020 14:10:00.000,131.186,131.238,131.169,131.236,546.67
07.01.2020 14:15:00.000,131.236,131.299,131.212,131.295,833.34
07.01.2020 14:20:00.000,131.294,131.357,131.294,131.302,1052.01
07.01.2020 14:25:00.000,131.304,131.342,131.265,131.279,1090.27
07.01.2020 14:30:00.000,131.279,131.291,131.234,131.273,854.08
07.01.2020 14:35:00.000,131.268,131.271,131.223,131.231,1064.42
07.01.2020 14:40:00.000,131.234,131.241,131.195,131.203,830.33
07.01.2020 14:45:00.000,131.204,131.204,131.105,131.117,1113.74
07.01.2020 14:50:00.000,131.120,131.126,131.053,131.094,8.273.699.999.999.990
07.01.2020 14:55:00.000,131.094,131.148,131.049,131.055,1042.89
07.01.2020 15:00:00.000,131.055,131.077,130.948,131.076,17.416.399.999.999.900
07.01.2020 15:05:00.000,131.078,131.139,131.075,131.091,9.792.299.999.999.990
07.01.2020 15:10:00.000,131.091,131.179,131.091,131.167,923.78
07.01.2020 15:15:00.000,131.167,131.176,131.064,131.089,912.28
07.01.2020 15:20:00.000,131.089,131.116,131.055,131.079,9.716.899.999.999.990
07.01.2020 15:25:00.000,131.079,131.167,131.079,131.164,738.41
07.01.2020 15:30:00.000,131.164,131.244,131.120,131.179,12.509.699.999.999.900
07.01.2020 15:35:00.000,131.177,131.218,131.159,131.183,7.181.600.000.000.000
07.01.2020 15:40:00.000,131.183,131.184,131.106,131.133,8.418.999.999.999.990
07.01.2020 15:45:00.000,131.133,131.139,131.074,131.095,878.78
07.01.2020 15:50:00.000,131.095,131.163,131.065,131.116,11.212.900.000.000.000
07.01.2020 15:55:00.000,131.117,131.236,131.092,131.211,1175.87
07.01.2020 16:00:00.000,131.211,131.211,131.154,131.175,9.238.299.999.999.990
07.01.2020 16:05:00.000,131.175,131.182,131.133,131.144,545.01
07.01.2020 16:10:00.000,131.142,131.142,131.060,131.108,592.51
07.01.2020 16:15:00.000,131.109,131.145,131.096,131.098,46.286.999.999.999.900
07.01.2020 16:20:00.000,131.097,131.129,131.077,131.119,497.42
07.01.2020 16:25:00.000,131.119,131.169,131.119,131.167,449.96
07.01.2020 16:30:00.000,131.167,131.189,131.155,131.165,861.93
07.01.2020 16:35:00.000,131.164,131.187,131.142,131.159,566.25
07.01.2020 16:40:00.000,131.160,131.235,131.160,131.234,7.170.500.000.000.000
07.01.2020 16:45:00.000,131.234,131.256,131.209,131.250,770.43
07.01.2020 16:50:00.000,131.252,131.270,131.225,131.240,668.21
07.01.2020 16:55:00.000,131.240,131.324,131.238,131.257,8.933.500.000.000.000
07.01.2020 17:00:00.000,131.255,131.255,131.219,131.226,7.561.700.000.000.000
07.01.2020 17:05:00.000,131.226,131.275,131.226,131.257,50.742.999.999.999.900
07.01.2020 17:10:00.000,131.259,131.264,131.233,131.255,453.63
07.01.2020 17:15:00.000,131.255,131.391,131.247,131.323,7.293.199.999.999.990
07.01.2020 17:20:00.000,131.323,131.334,131.282,131.314,8.195.899.999.999.990
07.01.2020 17:25:00.000,131.312,131.337,131.294,131.304,45.737.000.000.000.000
07.01.2020 17:30:00.000,131.304,131.325,131.273,131.275,722.51
07.01.2020 17:35:00.000,131.273,131.296,131.242,131.282,9.168.900.000.000.000
07.01.2020 17:40:00.000,131.283,131.316,131.271,131.304,592.53
07.01.2020 17:45:00.000,131.306,131.335,131.296,131.331,543.92
07.01.2020 17:50:00.000,131.331,131.332,131.304,131.318,3.725.999.999.999.990
07.01.2020 17:55:00.000,131.318,131.322,131.272,131.273,552.59
07.01.2020 18:00:00.000,131.273,131.308,131.272,131.295,7.041.099.999.999.990
07.01.2020 18:05:00.000,131.294,131.323,131.294,131.305,711.74
07.01.2020 18:10:00.000,131.304,131.326,131.300,131.314,7.121.099.999.999.990
07.01.2020 18:15:00.000,131.315,131.337,131.311,131.333,750.26
07.01.2020 18:20:00.000,131.333,131.358,131.333,131.353,498.56
07.01.2020 18:25:00.000,131.353,131.371,131.331,131.334,39.334.000.000.000.000
07.01.2020 18:30:00.000,131.338,131.343,131.324,131.332,22.773.999.999.999.900
07.01.2020 18:35:00.000,131.330,131.343,131.322,131.322,184.17
07.01.2020 18:40:00.000,131.323,131.326,131.312,131.319,22.535.000.000.000.000
07.01.2020 18:45:00.000,131.318,131.329,131.315,131.326,16.890.999.999.999.900
07.01.2020 18:50:00.000,131.326,131.331,131.311,131.317,242.26
07.01.2020 18:55:00.000,131.314,131.321,131.248,131.249,524.72
07.01.2020 19:00:00.000,131.250,131.269,131.221,131.225,775.41
07.01.2020 19:05:00.000,131.224,131.234,131.213,131.228,741.12
07.01.2020 19:10:00.000,131.228,131.232,131.196,131.212,9.722.600.000.000.000
07.01.2020 19:15:00.000,131.212,131.218,131.204,131.209,634.47
07.01.2020 19:20:00.000,131.209,131.232,131.205,131.213,47.009.000.000.000.000
07.01.2020 19:25:00.000,131.213,131.227,131.194,131.213,587.78
07.01.2020 19:30:00.000,131.214,131.222,131.192,131.202,539.57
07.01.2020 19:35:00.000,131.203,131.209,131.191,131.192,881.59
07.01.2020 19:40:00.000,131.192,131.211,131.191,131.205,491.36
07.01.2020 19:45:00.000,131.206,131.231,131.206,131.218,636.67
07.01.2020 19:50:00.000,131.219,131.221,131.205,131.210,39.345.000.000.000.000
07.01.2020 19:55:00.000,131.213,131.220,131.180,131.202,8.971.500.000.000.000
07.01.2020 20:00:00.000,131.202,131.221,131.191,131.213,687.51
07.01.2020 20:05:00.000,131.213,131.229,131.210,131.224,5.349.200.000.000.000
07.01.2020 20:10:00.000,131.224,131.229,131.189,131.195,546
07.01.2020 20:15:00.000,131.196,131.221,131.196,131.208,374.05
07.01.2020 20:20:00.000,131.208,131.220,131.205,131.211,146.51
07.01.2020 20:25:00.000,131.210,131.214,131.193,131.209,306.4
07.01.2020 20:30:00.000,131.208,131.214,131.195,131.212,276.22
07.01.2020 20:35:00.000,131.212,131.217,131.201,131.215,179.86
07.01.2020 20:40:00.000,131.214,131.216,131.191,131.210,268.27
07.01.2020 20:45:00.000,131.211,131.216,131.206,131.208,14.316.000.000.000.000
07.01.2020 20:50:00.000,131.207,131.222,131.198,131.217,453.37
07.01.2020 20:55:00.000,131.221,131.221,131.163,131.177,436.91
07.01.2020 21:00:00.000,131.179,131.189,131.134,131.161,17.867.000.000.000.000
07.01.2020 21:05:00.000,131.162,131.187,131.155,131.170,160.18
07.01.2020 21:10:00.000,131.169,131.184,131.167,131.173,182.87
07.01.2020 21:15:00.000,131.173,131.180,131.158,131.179,209.1
07.01.2020 21:20:00.000,131.179,131.179,131.157,131.159,134.71
07.01.2020 21:25:00.000,131.157,131.184,131.157,131.183,202.62
07.01.2020 21:30:00.000,131.183,131.191,131.150,131.164,191.87
07.01.2020 21:35:00.000,131.164,131.180,131.156,131.157,20.660.000.000.000.000
07.01.2020 21:40:00.000,131.158,131.203,131.150,131.192,27.634.999.999.999.900
07.01.2020 21:45:00.000,131.192,131.194,131.170,131.178,153.35
07.01.2020 21:50:00.000,131.178,131.186,131.170,131.184,21.000.000.000.000.000
07.01.2020 21:55:00.000,131.184,131.213,131.166,131.189,206.08
07.01.2020 22:00:00.000,131.143,131.264,131.143,131.245,22.01
07.01.2020 22:05:00.000,131.245,131.245,131.132,131.206,41.71
07.01.2020 22:10:00.000,131.192,131.203,131.133,131.156,59.080.000.000.000.000
07.01.2020 22:15:00.000,131.155,131.175,131.153,131.163,158.44
07.01.2020 22:20:00.000,131.162,131.180,131.118,131.143,40.190.999.999.999.900
07.01.2020 22:25:00.000,131.143,131.148,131.135,131.141,237.28
07.01.2020 22:30:00.000,131.144,131.158,131.141,131.155,170.09
07.01.2020 22:35:00.000,131.155,131.155,131.107,131.155,145.88
07.01.2020 22:40:00.000,131.155,131.155,131.057,131.057,130.34
07.01.2020 22:45:00.000,131.057,131.124,131.053,131.122,185.2
07.01.2020 22:50:00.000,131.120,131.162,131.098,131.142,120.11
07.01.2020 22:55:00.000,131.142,131.184,131.126,131.134,129.83
07.01.2020 23:00:00.000,131.131,131.191,131.131,131.173,440.56
07.01.2020 23:05:00.000,131.172,131.176,131.147,131.148,136.03
07.01.2020 23:10:00.000,131.144,131.152,131.121,131.130,16.107.999.999.999.900
07.01.2020 23:15:00.000,131.132,131.132,131.091,131.095,30.766.999.999.999.900
07.01.2020 23:20:00.000,131.097,131.148,131.047,131.142,5.599.200.000.000.000
07.01.2020 23:25:00.000,131.146,131.176,131.144,131.176,27.553.999.999.999.900
07.01.2020 23:30:00.000,131.176,131.176,131.129,131.134,331.32
07.01.2020 23:35:00.000,131.134,131.137,131.116,131.135,258.93
07.01.2020 23:40:00.000,131.135,131.150,131.118,131.120,28.428.000.000.000.000
07.01.2020 23:45:00.000,131.122,131.126,131.058,131.116,42.487.999.999.999.900
07.01.2020 23:50:00.000,131.115,131.169,131.073,131.101,364.47
07.01.2020 23:55:00.000,131.101,131.141,131.088,131.134,40.658.000.000.000.000
07.01.2020 23:55:00.001,131.101,131.141,131.088,131.134,40.658.000.000.000.000
07.01.2020 23:55:00.002,131.101,131.141,131.088,131.134,40.658.000.000.000.000
07.01.2020 23:55:00.003,131.101,131.141,131.088,131.134,40.658.000.000.000.000
07.01.2020 23:55:00.004,131.101,131.141,131.088,131.134,40.658.000.000.000.000
07.01.2020 23:55:00.005,131.101,131.141,131.088,131.134,40.658.000.000.000.000
07.01.2020 23:55:00.006,131.101,131.141,131.088,131.134,40.658.000.000.000.000
07.01.2020 23:55:00.007,131.101,131.141,131.088,131.134,40.658.000.000.000.000
07.01.2020 23:55:00.008,131.101,131.141,131.088,131.134,40.658.000.000.000.000
07.01.2020 23:55:00.009,131.101,131.141,131.088,131.134,40.658.000.000.000.000
07.01.2020 23:55:00.010,131.101,131.141,131.088,131.134,40.658.000.000.000.000
07.01.2020 23:55:00.011,131.101,131.141,131.088,131.134,40.658.000.000.000.000
07.01.2020 23:55:00.012,131.101,131.141,131.088,131.134,40.658.000.000.000.000
07.01.2020 23:55:00.013,131.101,131.141,131.088,131.134,40.658.000.000.000.000
07.01.2020 23:55:00.014,131.101,131.141,131.088,131.134,40.658.000.000.000.000
07.01.2020 23:55:00.015,131.101,131.141,131.088,131.134,40.658.000.000.000.000
07.01.2020 23:55:00.016,131.101,131.141,131.088,131.134,40.658.000.000.000.000
07.01.2020 23:55:00.017,131.101,131.141,131.088,131.134,40.658.000.000.000.000
07.01.2020 23:55:00.018,131.101,131.141,131.088,131.134,40.658.000.000.000.000
07.01.2020 23:55:00.019,131.101,131.141,131.088,131.134,40.658.000.000.000.000
07.01.2020 23:55:00.020,131.101,131.141,131.088,131.134,40.658.000.000.000.000
07.01.2020 23:55:00.021,131.101,131.141,131.088,131.134,40.658.000.000.000.000
07.01.2020 23:55:00.022,131.101,131.141,131.088,131.134,40.658.000.000.000.000
07.01.2020 23:55:00.023,131.101,131.141,131.088,131.134,40.658.000.000.000.000
07.01.2020 23:55:00.024,131.101,131.141,131.088,131.134,40.658.000.000.000.000
07.01.2020 23:55:00.025,131.101,131.141,131.088,131.134,40.658.000.000.000.000
07.01.2020 23:55:00.026,131.101,131.141,131.088,131.134,40.658.000.000.000.000
07.01.2020 23:55:00.027,131.101,131.141,131.088,131.134,40.658.000.000.000.000
07.01.2020 23:55:00.028,131.101,131.141,131.088,131.134,40.658.000.000.000.000
07.01.2020 23:55:00.029,131.101,131.141,131.088,131.134,40.658.000.000.000.000
07.01.2020 23:55:00.030,131.101,131.141,131.088,131.134,40.658.000.000.000.000
07.01.2020 23:55:00.031,131.101,131.141,131.088,131.134,40.658.000.000.000.000
07.01.2020 23:55:00.032,131.101,131.141,131.088,131.134,40.658.000.000.000.000
07.01.2020 23:55:00.033,131.101,131.141,131.088,131.134,40.658.000.000.000.000
07.01.2020 23:55:00.034,131.101,131.141,131.088,131.134,40.658.000.000.000.000
07.01.2020 23:55:00.035,131.101,131.141,131.088,131.134,40.658.000.000.000.000
07.01.2020 23:55:00.036,131.101,131.141,131.088,131.134,40.658.000.000.000.000
07.01.2020 23:55:00.037,131.101,131.141,131.088,131.134,40.658.000.000.000.000
07.01.2020 23:55:00.038,131.101,131.141,131.088,131.134,40.658.000.000.000.000
07.01.2020 23:55:00.039,131.101,131.141,131.088,131.134,40.658.000.000.000.000
07.01.2020 23:55:00.040,131.101,131.141,131.088,131.134,40.658.000.000.000.000
07.01.2020 23:55:00.041,131.101,131.141,131.088,131.134,40.658.000.000.000.000
07.01.2020 23:55:00.042,131.101,131.141,131.088,131.134,40.658.000.000.000.000
07.01.2020 23:55:00.043,131.101,131.141,131.088,131.134,40.658.000.000.000.000
07.01.2020 23:55:00.044,131.101,131.141,131.088,131.134,40.658.000.000.000.000
07.01.2020 23:55:00.045,131.101,131.141,131.088,131.134,40.658.000.000.000.000
07.01.2020 23:55:00.046,131.101,131.141,131.088,131.134,40.658.000.000.000.000
07.01.2020 23:55:00.047,131.101,131.141,131.088,131.134,40.658.000.000.000.000
07.01.2020 23:55:00.048,131.101,131.141,131.088,131.134,40.658.000.000.000.000
07.01.2020 23:55:00.049,131.101,131.141,131.088,131.134,40.658.000.000.000.000
07.01.2020 23:55:00.050,131.101,131.141,131.088,131.134,40.658.000.000.000.000
07.01.2020 23:55:00.051,131.101,131.141,131.088,131.134,40.658.000.000.000.000
07.01.2020 23:55:00.052,131.101,131.141,131.088,131.134,40.658.000.000.000.000
07.01.2020 23:55:00.053,131.101,131.141,131.088,131.134,40.658.000.000.000.000
07.01.2020 23:55:00.054,131.101,131.141,131.088,131.134,40.658.000.000.000.000
07.01.2020 23:55:00.055,131.101,131.141,131.088,131.134,40.658.000.000.000.000
07.01.2020 23:55:00.056,131.101,131.141,131.088,131.134,40.658.000.000.000.000
07.01.2020 23:55:00.057,131.101,131.141,131.088,131.134,40.658.000.000.000.000
07.01.2020 23:55:00.058,131.101,131.141,131.088,131.134,40.658.000.000.000.000
07.01.2020 23:55:00.059,131.101,131.141,131.088,131.134,40.658.000.000.000.000
07.01.2020 23:55:00.060,131.101,131.141,131.088,131.134,40.658.000.000.000.000
07.01.2020 23:55:00.061,131.101,131.141,131.088,131.134,40.658.000.000.000.000
07.01.2020 23:55:00.062,131.101,131.141,131.088,131.134,40.658.000.000.000.000
07.01.2020 23:55:00.063,131.101,131.141,131.088,131.134,40.658.000.000.000.000
07.01.2020 23:55:00.064,131.101,131.141,131.088,131.134,40.658.000.000.000.000
07.01.2020 23:55:00.065,131.101,131.141,131.088,131.134,40.658.000.000.000.000
07.01.2020 23:55:00.066,131.101,131.141,131.088,131.134,40.658.000.000.000.000
07.01.2020 23:55:00.067,131.101,131.141,131.088,131.134,40.658.000.000.000.000
07.01.2020 23:55:00.068,131.101,131.141,131.088,131.134,40.658.000.000.000.000
07.01.2020 23:55:00.069,131.101,131.141,131.088,131.134,40.658.000.000.000.000
07.01.2020 23:55:00.070,131.101,131.141,131.088,131.134,40.658.000.000.000.000
07.01.2020 23:55:00.071,131.101,131.141,131.088,131.134,40.658.000.000.000.000
07.01.2020 23:55:00.072,131.101,131.141,131.088,131.134,40.658.000.000.000.000
07.01.2020 23:55:00.073,131.101,131.141,131.088,131.134,40.658.000.000.000.000
07.01.2020 23:55:00.074,131.101,131.141,131.088,131.134,40.658.000.000.000.000
07.01.2020 23:55:00.075,131.101,131.141,131.088,131.134,40.658.000.000.000.000
07.01.2020 23:55:00.076,131.101,131.141,131.088,131.134,40.658.000.000.000.000
07.01.2020 23:55:00.077,131.101,131.141,131.088,131.134,40.658.000.000.000.000
07.01.2020 23:55:00.078,131.101,131.141,131.088,131.134,40.658.000.000.000.000
07.01.2020 23:55:00.079,131.101,131.141,131.088,131.134,40.658.000.000.000.000
07.01.2020 23:55:00.080,131.101,131.141,131.088,131.134,40.658.000.000.000.000
07.01.2020 23:55:00.081,131.101,131.141,131.088,131.134,40.658.000.000.000.000
07.01.2020 23:55:00.082,131.101,131.141,131.088,131.134,40.658.000.000.000.000
07.01.2020 23:55:00.083,131.101,131.141,131.088,131.134,40.658.000.000.000.000
07.01.2020 23:55:00.084,131.101,131.141,131.088,131.134,40.658.000.000.000.000
07.01.2020 23:55:00.085,131.101,131.141,131.088,131.134,40.658.000.000.000.000
07.01.2020 23:55:00.086,131.101,131.141,131.088,131.134,40.658.000.000.000.000
07.01.2020 23:55:00.087,131.101,131.141,131.088,131.134,40.658.000.000.000.000
07.01.2020 23:55:00.088,131.101,131.141,131.088,131.134,40.658.000.000.000.000
07.01.2020 23:55:00.089,131.101,131.141,131.088,131.134,40.658.000.000.000.000
07.01.2020 23:55:00.090,131.101,131.141,131.088,131.134,40.658.000.000.000.000
07.01.2020 23:55:00.091,131.101,131.141,131.088,131.134,40.658.000.000.000.000
07.01.2020 23:55:00.092,131.101,131.141,131.088,131.134,40.658.000.000.000.000
07.01.2020 23:55:00.093,131.101,131.141,131.088,131.134,40.658.000.000.000.000
07.01.2020 23:55:00.094,131.101,131.141,131.088,131.134,40.658.000.000.000.000
07.01.2020 23:55:00.095,131.101,131.141,131.088,131.134,40.658.000.000.000.000
07.01.2020 23:55:00.096,131.101,131.141,131.088,131.134,40.658.000.000.000.000
07.01.2020 23:55:00.097,131.101,131.141,131.088,131.134,40.658.000.000.000.000
07.01.2020 23:55:00.098,131.101,131.141,131.088,131.134,40.658.000.000.000.000
07.01.2020 23:55:00.099,131.101,131.141,131.088,131.134,40.658.000.000.000.000
07.01.2020 23:55:00.100,131.101,131.141,131.088,131.134,40.658.000.000.000.000
07.01.2020 23:55:00.101,131.101,131.141,131.088,131.134,40.658.000.000.000.000
07.01.2020 23:55:00.102,131.101,131.141,131.088,131.134,40.658.000.000.000.000
07.01.2020 23:55:00.103,131.101,131.141,131.088,131.134,40.658.000.000.000.000
07.01.2020 23:55:00.104,131.101,131.141,131.088,131.134,40.658.000.000.000.000
07.01.2020 23:55:00.105,131.101,131.141,131.088,131.134,40.658.000.000.000.000
07.01.2020 23:55:00.106,131.101,131.141,131.088,131.134,40.658.000.000.000.000
07.01.2020 23:55:00.107,131.101,131.141,131.088,131.134,40.658.000.000.000.000
07.01.2020 23:55:00.108,131.101,131.141,131.088,131.134,40.658.000.000.000.000
07.01.2020 23:55:00.109,131.101,131.141,131.088,131.134,40.658.000.000.000.000
07.01.2020 23:55:00.110,131.101,131.141,131.088,131.134,40.658.000.000.000.000
07.01.2020 23:55:00.111,131.101,131.141,131.088,131.134,40.658.000.000.000.000
07.01.2020 23:55:00.112,131.101,131.141,131.088,131.134,40.658.000.000.000.000
07.01.2020 23:55:00.113,131.101,131.141,131.088,131.134,40.658.000.000.000.000
07.01.2020 23:55:00.114,131.101,131.141,131.088,131.134,40.658.000.000.000.000
07.01.2020 23:55:00.115,131.101,131.141,131.088,131.134,40.658.000.000.000.000
07.01.2020 23:55:00.116,131.101,131.141,131.088,131.134,40.658.000.000.000.000
07.01.2020 23:55:00.117,131.101,131.141,131.088,131.134,40.658.000.000.000.000
07.01.2020 23:55:00.118,131.101,131.141,131.088,131.134,40.658.000.000.000.000
07.01.2020 23:55:00.119,131.101,131.141,131.088,131.134,40.658.000.000.000.000
07.01.2020 23:55:00.120,131.101,131.141,131.088,131.134,40.658.000.000.000.000
07.01.2020 23:55:00.121,131.101,131.141,131.088,131.134,40.658.000.000.000.000
07.01.2020 23:55:00.122,131.101,131.141,131.088,131.134,40.658.000.000.000.000
07.01.2020 23:55:00.123,131.101,131.141,131.088,131.134,40.658.000.000.000.000
07.01.2020 23:55:00.124,131.101,131.141,131.088,131.134,40.658.000.000.000.000
07.01.2020 23:55:00.125,131.101,131.141,131.088,131.134,40.658.000.000.000.000
07.01.2020 23:55:00.126,131.101,131.141,131.088,131.134,40.658.000.000.000.000
07.01.2020 23:55:00.127,131.101,131.141,131.088,131.134,40.658.000.000.000.000
07.01.2020 23:55:00.128,131.101,131.141,131.088,131.134,40.658.000.000.000.000
07.01.2020 23:55:00.129,131.101,131.141,131.088,131.134,40.658.000.000.000.000
07.01.2020 23:55:00.130,131.101,131.141,131.088,131.134,40.658.000.000.000.000
07.01.2020 23:55:00.131,131.101,131.141,131.088,131.134,40.658.000.000.000.000
07.01.2020 23:55:00.132,131.101,131.141,131.088,131.134,40.658.000.000.000.000
07.01.2020 23:55:00.133,131.101,131.141,131.088,131.134,40.658.000.000.000.000
07.01.2020 23:55:00.134,131.101,131.141,131.088,131.134,40.658.000.000.000.000
07.01.2020 23:55:00.135,131.101,131.141,131.088,131.134,40.658.000.000.000.000
07.01.2020 23:55:00.136,131.101,131.141,131.088,131.134,40.658.000.000.000.000
07.01.2020 23:55:00.137,131.101,131.141,131.088,131.134,40.658.000.000.000.000
07.01.2020 23:55:00.138,131.101,131.141,131.088,131.134,40.658.000.000.000.000
07.01.2020 23:55:00.139,131.101,131.141,131.088,131.134,40.658.000.000.000.000
07.01.2020 23:55:00.140,131.101,131.141,131.088,131.134,40.658.000.000.000.000
07.01.2020 23:55:00.141,131.101,131.141,131.088,131.134,40.658.000.000.000.000
07.01.2020 23:55:00.142,131.101,131.141,131.088,131.134,40.658.000.000.000.000
07.01.2020 23:55:00.143,131.101,131.141,131.088,131.134,40.658.000.000.000.000
07.01.2020 23:55:00.144,131.101,131.141,131.088,131.134,40.658.000.000.000.000
07.01.2020 23:55:00.145,131.101,131.141,131.088,131.134,40.658.000.000.000.000
07.01.2020 23:55:00.146,131.101,131.141,131.088,131.134,40.658.000.000.000.000
07.01.2020 23:55:00.147,131.101,131.141,131.088,131.134,40.658.000.000.000.000
07.01.2020 23:55:00.148,131.101,131.141,131.088,131.134,40.658.000.000.000.000
07.01.2020 23:55:00.149,131.101,131.141,131.088,131.134,40.658.000.000.000.000
07.01.2020 23:55:00.150,131.101,131.141,131.088,131.134,40.658.000.000.000.000
07.01.2020 23:55:00.151,131.101,131.141,131.088,131.134,40.658.000.000.000.000
07.01.2020 23:55:00.152,131.101,131.141,131.088,131.134,40.658.000.000.000.000
07.01.2020 23:55:00.153,131.101,131.141,131.088,131.134,40.658.000.000.000.000
07.01.2020 23:55:00.154,131.101,131.141,131.088,131.134,40.658.000.000.000.000
07.01.2020 23:55:00.155,131.101,131.141,131.088,131.134,40.658.000.000.000.000
07.01.2020 23:55:00.156,131.101,131.141,131.088,131.134,40.658.000.000.000.000
07.01.2020 23:55:00.157,131.101,131.141,131.088,131.134,40.658.000.000.000.000
07.01.2020 23:55:00.158,131.101,131.141,131.088,131.134,40.658.000.000.000.000
07.01.2020 23:55:00.159,131.101,131.141,131.088,131.134,40.658.000.000.000.000
07.01.2020 23:55:00.160,131.101,131.141,131.088,131.134,40.658.000.000.000.000
07.01.2020 23:55:00.161,131.101,131.141,131.088,131.134,40.658.000.000.000.000
07.01.2020 23:55:00.162,131.101,131.141,131.088,131.134,40.658.000.000.000.000
07.01.2020 23:55:00.163,131.101,131.141,131.088,131.134,40.658.000.000.000.000
07.01.2020 23:55:00.164,131.101,131.141,131.088,131.134,40.658.000.000.000.000
07.01.2020 23:55:00.165,131.101,131.141,131.088,131.134,40.658.000.000.000.000
07.01.2020 23:55:00.166,131.101,131.141,131.088,131.134,40.658.000.000.000.000
07.01.2020 23:55:00.167,131.101,131.141,131.088,131.134,40.658.000.000.000.000
07.01.2020 23:55:00.168,131.101,131.141,131.088,131.134,40.658.000.000.000.000
07.01.2020 23:55:00.169,131.101,131.141,131.088,131.134,40.658.000.000.000.000
07.01.2020 23:55:00.170,131.101,131.141,131.088,131.134,40.658.000.000.000.000
07.01.2020 23:55:00.171,131.101,131.141,131.088,131.134,40.658.000.000.000.000
07.01.2020 23:55:00.172,131.101,131.141,131.088,131.134,40.658.000.000.000.000
07.01.2020 23:55:00.173,131.101,131.141,131.088,131.134,40.658.000.000.000.000
07.01.2020 23:55:00.174,131.101,131.141,131.088,131.134,40.658.000.000.000.000
07.01.2020 23:55:00.175,131.101,131.141,131.088,131.134,40.658.000.000.000.000
07.01.2020 23:55:00.176,131.101,131.141,131.088,131.134,40.658.000.000.000.000
07.01.2020 23:55:00.177,131.101,131.141,131.088,131.134,40.658.000.000.000.000
07.01.2020 23:55:00.178,131.101,131.141,131.088,131.134,40.658.000.000.000.000
07.01.2020 23:55:00.179,131.101,131.141,131.088,131.134,40.658.000.000.000.000
07.01.2020 23:55:00.180,131.101,131.141,131.088,131.134,40.658.000.000.000.000
07.01.2020 23:55:00.181,131.101,131.141,131.088,131.134,40.658.000.000.000.000
07.01.2020 23:55:00.182,131.101,131.141,131.088,131.134,40.658.000.000.000.000
07.01.2020 23:55:00.183,131.101,131.141,131.088,131.134,40.658.000.000.000.000
07.01.2020 23:55:00.184,131.101,131.141,131.088,131.134,40.658.000.000.000.000
07.01.2020 23:55:00.185,131.101,131.141,131.088,131.134,40.658.000.000.000.000
07.01.2020 23:55:00.186,131.101,131.141,131.088,131.134,40.658.000.000.000.000
07.01.2020 23:55:00.187,131.101,131.141,131.088,131.134,40.658.000.000.000.000
07.01.2020 23:55:00.188,131.101,131.141,131.088,131.134,40.658.000.000.000.000
07.01.2020 23:55:00.189,131.101,131.141,131.088,131.134,40.658.000.000.000.000
07.01.2020 23:55:00.190,131.101,131.141,131.088,131.134,40.658.000.000.000.000
07.01.2020 23:55:00.191,131.101,131.141,131.088,131.134,40.658.000.000.000.000
07.01.2020 23:55:00.192,131.101,131.141,131.088,131.134,40.658.000.000.000.000
07.01.2020 23:55:00.193,131.101,131.141,131.088,131.134,40.658.000.000.000.000
07.01.2020 23:55:00.194,131.101,131.141,131.088,131.134,40.658.000.000.000.000
07.01.2020 23:55:00.195,131.101,131.141,131.088,131.134,40.658.000.000.000.000
07.01.2020 23:55:00.196,131.101,131.141,131.088,131.134,40.658.000.000.000.000
07.01.2020 23:55:00.197,131.101,131.141,131.088,131.134,40.658.000.000.000.000
07.01.2020 23:55:00.198,131.101,131.141,131.088,131.134,40.658.000.000.000.000
07.01.2020 23:55:00.199,131.101,131.141,131.088,131.134,40.658.000.000.000.000
07.01.2020 23:55:00.200,131.101,131.141,131.088,131.134,40.658.000.000.000.000
07.01.2020 23:55:00.201,131.101,131.141,131.088,131.134,40.658.000.000.000.000
07.01.2020 23:55:00.202,131.101,131.141,131.088,131.134,40.658.000.000.000.000
07.01.2020 23:55:00.203,131.101,131.141,131.088,131.134,40.658.000.000.000.000
07.01.2020 23:55:00.204,131.101,131.141,131.088,131.134,40.658.000.000.000.000
07.01.2020 23:55:00.205,131.101,131.141,131.088,131.134,40.658.000.000.000.000
07.01.2020 23:55:00.206,131.101,131.141,131.088,131.134,40.658.000.000.000.000
07.01.2020 23:55:00.207,131.101,131.141,131.088,131.134,40.658.000.000.000.000
07.01.2020 23:55:00.208,131.101,131.141,131.088,131.134,40.658.000.000.000.000
07.01.2020 23:55:00.209,131.101,131.141,131.088,131.134,40.658.000.000.000.000
07.01.2020 23:55:00.210,131.101,131.141,131.088,131.134,40.658.000.000.000.000
07.01.2020 23:55:00.211,131.101,131.141,131.088,131.134,40.658.000.000.000.000
07.01.2020 23:55:00.212,131.101,131.141,131.088,131.134,40.658.000.000.000.000
07.01.2020 23:55:00.213,131.101,131.141,131.088,131.134,40.658.000.000.000.000
07.01.2020 23:55:00.214,131.101,131.141,131.088,131.134,40.658.000.000.000.000
07.01.2020 23:55:00.215,131.101,131.141,131.088,131.134,40.658.000.000.000.000
07.01.2020 23:55:00.216,131.101,131.141,131.088,131.134,40.658.000.000.000.000
07.01.2020 23:55:00.217,131.101,131.141,131.088,131.134,40.658.000.000.000.000
07.01.2020 23:55:00.218,131.101,131.141,131.088,131.134,40.658.000.000.000.000
07.01.2020 23:55:00.219,131.101,131.141,131.088,131.134,40.658.000.000.000.000
07.01.2020 23:55:00.220,131.101,131.141,131.088,131.134,40.658.000.000.000.000
07.01.2020 23:55:00.221,131.101,131.141,131.088,131.134,40.658.000.000.000.000
07.01.2020 23:55:00.222,131.101,131.141,131.088,131.134,40.658.000.000.000.000
07.01.2020 23:55:00.223,131.101,131.141,131.088,131.134,40.658.000.000.000.000
07.01.2020 23:55:00.224,131.101,131.141,131.088,131.134,40.658.000.000.000.000
07.01.2020 23:55:00.225,131.101,131.141,131.088,131.134,40.658.000.000.000.000
07.01.2020 23:55:00.226,131.101,131.141,131.088,131.134,40.658.000.000.000.000
07.01.2020 23:55:00.227,131.101,131.141,131.088,131.134,40.658.000.000.000.000
07.01.2020 23:55:00.228,131.101,131.141,131.088,131.134,40.658.000.000.000.000
07.01.2020 23:55:00.229,131.101,131.141,131.088,131.134,40.658.000.000.000.000
07.01.2020 23:55:00.230,131.101,131.141,131.088,131.134,40.658.000.000.000.000
07.01.2020 23:55:00.231,131.101,131.141,131.088,131.134,40.658.000.000.000.000
07.01.2020 23:55:00.232,131.101,131.141,131.088,131.134,40.658.000.000.000.000
07.01.2020 23:55:00.233,131.101,131.141,131.088,131.134,40.658.000.000.000.000
07.01.2020 23:55:00.234,131.101,131.141,131.088,131.134,40.658.000.000.000.000
07.01.2020 23:55:00.235,131.101,131.141,131.088,131.134,40.658.000.000.000.000
07.01.2020 23:55:00.236,131.101,131.141,131.088,131.134,40.658.000.000.000.000
07.01.2020 23:55:00.237,131.101,131.141,131.088,131.134,40.658.000.000.000.000
07.01.2020 23:55:00.238,131.101,131.141,131.088,131.134,40.658.000.000.000.000
07.01.2020 23:55:00.239,131.101,131.141,131.088,131.134,40.658.000.000.000.000
07.01.2020 23:55:00.240,131.101,131.141,131.088,131.134,40.658.000.000.000.000
07.01.2020 23:55:00.241,131.101,131.141,131.088,131.134,40.658.000.000.000.000
07.01.2020 23:55:00.242,131.101,131.141,131.088,131.134,40.658.000.000.000.000
07.01.2020 23:55:00.243,131.101,131.141,131.088,131.134,40.658.000.000.000.000
07.01.2020 23:55:00.244,131.101,131.141,131.088,131.134,40.658.000.000.000.000
07.01.2020 23:55:00.245,131.101,131.141,131.088,131.134,40.658.000.000.000.000
07.01.2020 23:55:00.246,131.101,131.141,131.088,131.134,40.658.000.000.000.000
07.01.2020 23:55:00.247,131.101,131.141,131.088,131.134,40.658.000.000.000.000
07.01.2020 23:55:00.248,131.101,131.141,131.088,131.134,40.658.000.000.000.000
07.01.2020 23:55:00.249,131.101,131.141,131.088,131.134,40.658.000.000.000.000
07.01.2020 23:55:00.250,131.101,131.141,131.088,131.134,40.658.000.000.000.000
07.01.2020 23:55:00.251,131.101,131.141,131.088,131.134,40.658.000.000.000.000
07.01.2020 23:55:00.252,131.101,131.141,131.088,131.134,40.658.000.000.000.000
07.01.2020 23:55:00.253,131.101,131.141,131.088,131.134,40.658.000.000.000.000
07.01.2020 23:55:00.254,131.101,131.141,131.088,131.134,40.658.000.000.000.000
07.01.2020 23:55:00.255,131.101,131.141,131.088,131.134,40.658.000.000.000.000
07.01.2020 23:55:00.256,131.101,131.141,131.088,131.134,40.658.000.000.000.000
07.01.2020 23:55:00.257,131.101,131.141,131.088,131.134,40.658.000.000.000.000
07.01.2020 23:55:00.258,131.101,131.141,131.088,131.134,40.658.000.000.000.000
07.01.2020 23:55:00.259,131.101,131.141,131.088,131.134,40.658.000.000.000.000
07.01.2020 23:55:00.260,131.101,131.141,131.088,131.134,40.658.000.000.000.000
07.01.2020 23:55:00.261,131.101,131.141,131.088,131.134,40.658.000.000.000.000
07.01.2020 23:55:00.262,131.101,131.141,131.088,131.134,40.658.000.000.000.000
07.01.2020 23:55:00.263,131.101,131.141,131.088,131.134,40.658.000.000.000.000
07.01.2020 23:55:00.264,131.101,131.141,131.088,131.134,40.658.000.000.000.000
07.01.2020 23:55:00.265,131.101,131.141,131.088,131.134,40.658.000.000.000.000
07.01.2020 23:55:00.266,131.101,131.141,131.088,131.134,40.658.000.000.000.000
07.01.2020 23:55:00.267,131.101,131.141,131.088,131.134,40.658.000.000.000.000
07.01.2020 23:55:00.268,131.101,131.141,131.088,131.134,40.658.000.000.000.000
07.01.2020 23:55:00.269,131.101,131.141,131.088,131.134,40.658.000.000.000.000
07.01.2020 23:55:00.270,131.101,131.141,131.088,131.134,40.658.000.000.000.000
07.01.2020 23:55:00.271,131.101,131.141,131.088,131.134,40.658.000.000.000.000
07.01.2020 23:55:00.272,131.101,131.141,131.088,131.134,40.658.000.000.000.000
07.01.2020 23:55:00.273,131.101,131.141,131.088,131.134,40.658.000.000.000.000
07.01.2020 23:55:00.274,131.101,131.141,131.088,131.134,40.658.000.000.000.000
07.01.2020 23:55:00.275,131.101,131.141,131.088,131.134,40.658.000.000.000.000
07.01.2020 23:55:00.276,131.101,131.141,131.088,131.134,40.658.000.000.000.000
07.01.2020 23:55:00.277,131.101,131.141,131.088,131.134,40.658.000.000.000.000
07.01.2020 23:55:00.278,131.101,131.141,131.088,131.134,40.658.000.000.000.000
07.01.2020 23:55:00.279,131.101,131.141,131.088,131.134,40.658.000.000.000.000
07.01.2020 23:55:00.280,131.101,131.141,131.088,131.134,40.658.000.000.000.000
07.01.2020 23:55:00.281,131.101,131.141,131.088,131.134,40.658.000.000.000.000
07.01.2020 23:55:00.282,131.101,131.141,131.088,131.134,40.658.000.000.000.000
07.01.2020 23:55:00.283,131.101,131.141,131.088,131.134,40.658.000.000.000.000
07.01.2020 23:55:00.284,131.101,131.141,131.088,131.134,40.658.000.000.000.000
07.01.2020 23:55:00.285,131.101,131.141,131.088,131.134,40.658.000.000.000.000
07.01.2020 23:55:00.286,131.101,131.141,131.088,131.134,40.658.000.000.000.000
07.01.2020 23:55:00.287,131.101,131.141,131.088,131.134,40.658.000.000.000.000
07.01.2020 23:55:00.288,131.101,131.141,131.088,131.134,40.658.000.000.000.000
07.01.2020 23:55:00.289,131.101,131.141,131.088,131.134,40.658.000.000.000.000
07.01.2020 23:55:00.290,131.101,131.141,131.088,131.134,40.658.000.000.000.000
07.01.2020 23:55:00.291,131.101,131.141,131.088,131.134,40.658.000.000.000.000
07.01.2020 23:55:00.292,131.101,131.141,131.088,131.134,40.658.000.000.000.000
07.01.2020 23:55:00.293,131.101,131.141,131.088,131.134,40.658.000.000.000.000
07.01.2020 23:55:00.294,131.101,131.141,131.088,131.134,40.658.000.000.000.000
07.01.2020 23:55:00.295,131.101,131.141,131.088,131.134,40.658.000.000.000.000
07.01.2020 23:55:00.296,131.101,131.141,131.088,131.134,40.658.000.000.000.000
07.01.2020 23:55:00.297,131.101,131.141,131.088,131.134,40.658.000.000.000.000
07.01.2020 23:55:00.298,131.101,131.141,131.088,131.134,40.658.000.000.000.000
07.01.2020 23:55:00.299,131.101,131.141,131.088,131.134,40.658.000.000.000.000
07.01.2020 23:55:00.300,131.101,131.141,131.088,131.134,40.658.000.000.000.000
07.01.2020 23:55:00.301,131.101,131.141,131.088,131.134,40.658.000.000.000.000
07.01.2020 23:55:00.302,131.101,131.141,131.088,131.134,40.658.000.000.000.000
07.01.2020 23:55:00.303,131.101,131.141,131.088,131.134,40.658.000.000.000.000
07.01.2020 23:55:00.304,131.101,131.141,131.088,131.134,40.658.000.000.000.000
07.01.2020 23:55:00.305,131.101,131.141,131.088,131.134,40.658.000.000.000.000
07.01.2020 23:55:00.306,131.101,131.141,131.088,131.134,40.658.000.000.000.000
07.01.2020 23:55:00.307,131.101,131.141,131.088,131.134,40.658.000.000.000.000
07.01.2020 23:55:00.308,131.101,131.141,131.088,131.134,40.658.000.000.000.000
07.01.2020 23:55:00.309,131.101,131.141,131.088,131.134,40.658.000.000.000.000
07.01.2020 23:55:00.310,131.101,131.141,131.088,131.134,40.658.000.000.000.000
07.01.2020 23:55:00.311,131.101,131.141,131.088,131.134,40.658.000.000.000.000
07.01.2020 23:55:00.312,131.101,131.141,131.088,131.134,40.658.000.000.000.000
07.01.2020 23:55:00.313,131.101,131.141,131.088,131.134,40.658.000.000.000.000
07.01.2020 23:55:00.314,131.101,131.141,131.088,131.134,40.658.000.000.000.000
07.01.2020 23:55:00.315,131.101,131.141,131.088,131.134,40.658.000.000.000.000
07.01.2020 23:55:00.316,131.101,131.141,131.088,131.134,40.658.000.000.000.000
07.01.2020 23:55:00.317,131.101,131.141,131.088,131.134,40.658.000.000.000.000
07.01.2020 23:55:00.318,131.101,131.141,131.088,131.134,40.658.000.000.000.000
07.01.2020 23:55:00.319,131.101,131.141,131.088,131.134,40.658.000.000.000.000
07.01.2020 23:55:00.320,131.101,131.141,131.088,131.134,40.658.000.000.000.000
07.01.2020 23:55:00.321,131.101,131.141,131.088,131.134,40.658.000.000.000.000
07.01.2020 23:55:00.322,131.101,131.141,131.088,131.134,40.658.000.000.000.000
07.01.2020 23:55:00.323,131.101,131.141,131.088,131.134,40.658.000.000.000.000
07.01.2020 23:55:00.324,131.101,131.141,131.088,131.134,40.658.000.000.000.000
07.01.2020 23:55:00.325,131.101,131.141,131.088,131.134,40.658.000.000.000.000
07.01.2020 23:55:00.326,131.101,131.141,131.088,131.134,40.658.000.000.000.000
07.01.2020 23:55:00.327,131.101,131.141,131.088,131.134,40.658.000.000.000.000
07.01.2020 23:55:00.328,131.101,131.141,131.088,131.134,40.658.000.000.000.000
07.01.2020 23:55:00.329,131.101,131.141,131.088,131.134,40.658.000.000.000.000
07.01.2020 23:55:00.330,131.101,131.141,131.088,131.134,40.658.000.000.000.000
07.01.2020 23:55:00.331,131.101,131.141,131.088,131.134,40.658.000.000.000.000
07.01.2020 23:55:00.332,131.101,131.141,131.088,131.134,40.658.000.000.000.000
07.01.2020 23:55:00.333,131.101,131.141,131.088,131.134,40.658.000.000.000.000
07.01.2020 23:55:00.334,131.101,131.141,131.088,131.134,40.658.000.000.000.000
07.01.2020 23:55:00.335,131.101,131.141,131.088,131.134,40.658.000.000.000.000
07.01.2020 23:55:00.336,131.101,131.141,131.088,131.134,40.658.000.000.000.000
07.01.2020 23:55:00.337,131.101,131.141,131.088,131.134,40.658.000.000.000.000
07.01.2020 23:55:00.338,131.101,131.141,131.088,131.134,40.658.000.000.000.000
07.01.2020 23:55:00.339,131.101,131.141,131.088,131.134,40.658.000.000.000.000
07.01.2020 23:55:00.340,131.101,131.141,131.088,131.134,40.658.000.000.000.000
07.01.2020 23:55:00.341,131.101,131.141,131.088,131.134,40.658.000.000.000.000
07.01.2020 23:55:00.342,131.101,131.141,131.088,131.134,40.658.000.000.000.000
07.01.2020 23:55:00.343,131.101,131.141,131.088,131.134,40.658.000.000.000.000
07.01.2020 23:55:00.344,131.101,131.141,131.088,131.134,40.658.000.000.000.000
07.01.2020 23:55:00.345,131.101,131.141,131.088,131.134,40.658.000.000.000.000
07.01.2020 23:55:00.346,131.101,131.141,131.088,131.134,40.658.000.000.000.000
07.01.2020 23:55:00.347,131.101,131.141,131.088,131.134,40.658.000.000.000.000
07.01.2020 23:55:00.348,131.101,131.141,131.088,131.134,40.658.000.000.000.000
07.01.2020 23:55:00.349,131.101,131.141,131.088,131.134,40.658.000.000.000.000
07.01.2020 23:55:00.350,131.101,131.141,131.088,131.134,40.658.000.000.000.000
07.01.2020 23:55:00.351,131.101,131.141,131.088,131.134,40.658.000.000.000.000
07.01.2020 23:55:00.352,131.101,131.141,131.088,131.134,40.658.000.000.000.000
07.01.2020 23:55:00.353,131.101,131.141,131.088,131.134,40.658.000.000.000.000
07.01.2020 23:55:00.354,131.101,131.141,131.088,131.134,40.658.000.000.000.000
07.01.2020 23:55:00.355,131.101,131.141,131.088,131.134,40.658.000.000.000.000
07.01.2020 23:55:00.356,131.101,131.141,131.088,131.134,40.658.000.000.000.000
07.01.2020 23:55:00.357,131.101,131.141,131.088,131.134,40.658.000.000.000.000
07.01.2020 23:55:00.358,131.101,131.141,131.088,131.134,40.658.000.000.000.000
07.01.2020 23:55:00.359,131.101,131.141,131.088,131.134,40.658.000.000.000.000
07.01.2020 23:55:00.360,131.101,131.141,131.088,131.134,40.658.000.000.000.000
07.01.2020 23:55:00.361,131.101,131.141,131.088,131.134,40.658.000.000.000.000
07.01.2020 23:55:00.362,131.101,131.141,131.088,131.134,40.658.000.000.000.000
07.01.2020 23:55:00.363,131.101,131.141,131.088,131.134,40.658.000.000.000.000
07.01.2020 23:55:00.364,131.101,131.141,131.088,131.134,40.658.000.000.000.000
07.01.2020 23:55:00.365,131.101,131.141,131.088,131.134,40.658.000.000.000.000
07.01.2020 23:55:00.366,131.101,131.141,131.088,131.134,40.658.000.000.000.000
07.01.2020 23:55:00.367,131.101,131.141,131.088,131.134,40.658.000.000.000.000
07.01.2020 23:55:00.368,131.101,131.141,131.088,131.134,40.658.000.000.000.000
07.01.2020 23:55:00.369,131.101,131.141,131.088,131.134,40.658.000.000.000.000
07.01.2020 23:55:00.370,131.101,131.141,131.088,131.134,40.658.000.000.000.000
07.01.2020 23:55:00.371,131.101,131.141,131.088,131.134,40.658.000.000.000.000
07.01.2020 23:55:00.372,131.101,131.141,131.088,131.134,40.658.000.000.000.000
07.01.2020 23:55:00.373,131.101,131.141,131.088,131.134,40.658.000.000.000.000
07.01.2020 23:55:00.374,131.101,131.141,131.088,131.134,40.658.000.000.000.000
07.01.2020 23:55:00.375,131.101,131.141,131.088,131.134,40.658.000.000.000.000
07.01.2020 23:55:00.376,131.101,131.141,131.088,131.134,40.658.000.000.000.000
07.01.2020 23:55:00.377,131.101,131.141,131.088,131.134,40.658.000.000.000.000
07.01.2020 23:55:00.378,131.101,131.141,131.088,131.134,40.658.000.000.000.000
07.01.2020 23:55:00.379,131.101,131.141,131.088,131.134,40.658.000.000.000.000
07.01.2020 23:55:00.380,131.101,131.141,131.088,131.134,40.658.000.000.000.000
07.01.2020 23:55:00.381,131.101,131.141,131.088,131.134,40.658.000.000.000.000
07.01.2020 23:55:00.382,131.101,131.141,131.088,131.134,40.658.000.000.000.000
07.01.2020 23:55:00.383,131.101,131.141,131.088,131.134,40.658.000.000.000.000
07.01.2020 23:55:00.384,131.101,131.141,131.088,131.134,40.658.000.000.000.000
07.01.2020 23:55:00.385,131.101,131.141,131.088,131.134,40.658.000.000.000.000
07.01.2020 23:55:00.386,131.101,131.141,131.088,131.134,40.658.000.000.000.000
07.01.2020 23:55:00.387,131.101,131.141,131.088,131.134,40.658.000.000.000.000
07.01.2020 23:55:00.388,131.101,131.141,131.088,131.134,40.658.000.000.000.000
07.01.2020 23:55:00.389,131.101,131.141,131.088,131.134,40.658.000.000.000.000
07.01.2020 23:55:00.390,131.101,131.141,131.088,131.134,40.658.000.000.000.000
07.01.2020 23:55:00.391,131.101,131.141,131.088,131.134,40.658.000.000.000.000
07.01.2020 23:55:00.392,131.101,131.141,131.088,131.134,40.658.000.000.000.000
07.01.2020 23:55:00.393,131.101,131.141,131.088,131.134,40.658.000.000.000.000
07.01.2020 23:55:00.394,131.101,131.141,131.088,131.134,40.658.000.000.000.000
07.01.2020 23:55:00.395,131.101,131.141,131.088,131.134,40.658.000.000.000.000
07.01.2020 23:55:00.396,131.101,131.141,131.088,131.134,40.658.000.000.000.000
07.01.2020 23:55:00.397,131.101,131.141,131.088,131.134,40.658.000.000.000.000
07.01.2020 23:55:00.398,131.101,131.141,131.088,131.134,40.658.000.000.000.000
07.01.2020 23:55:00.399,131.101,131.141,131.088,131.134,40.658.000.000.000.000
07.01.2020 23:55:00.400,131.101,131.141,131.088,131.134,40.658.000.000.000.000
07.01.2020 23:55:00.401,131.101,131.141,131.088,131.134,40.658.000.000.000.000
07.01.2020 23:55:00.402,131.101,131.141,131.088,131.134,40.658.000.000.000.000
07.01.2020 23:55:00.403,131.101,131.141,131.088,131.134,40.658.000.000.000.000
07.01.2020 23:55:00.404,131.101,131.141,131.088,131.134,40.658.000.000.000.000
07.01.2020 23:55:00.405,131.101,131.141,131.088,131.134,40.658.000.000.000.000
07.01.2020 23:55:00.406,131.101,131.141,131.088,131.134,40.658.000.000.000.000
07.01.2020 23:55:00.407,131.101,131.141,131.088,131.134,40.658.000.000.000.000
07.01.2020 23:55:00.408,131.101,131.141,131.088,131.134,40.658.000.000.000.000
07.01.2020 23:55:00.409,131.101,131.141,131.088,131.134,40.658.000.000.000.000
07.01.2020 23:55:00.410,131.101,131.141,131.088,131.134,40.658.000.000.000.000
07.01.2020 23:55:00.411,131.101,131.141,131.088,131.134,40.658.000.000.000.000
07.01.2020 23:55:00.412,131.101,131.141,131.088,131.134,40.658.000.000.000.000
07.01.2020 23:55:00.413,131.101,131.141,131.088,131.134,40.658.000.000.000.000
07.01.2020 23:55:00.414,131.101,131.141,131.088,131.134,40.658.000.000.000.000
07.01.2020 23:55:00.415,131.101,131.141,131.088,131.134,40.658.000.000.000.000
07.01.2020 23:55:00.416,131.101,131.141,131.088,131.134,40.658.000.000.000.000
07.01.2020 23:55:00.417,131.101,131.141,131.088,131.134,40.658.000.000.000.000
07.01.2020 23:55:00.418,131.101,131.141,131.088,131.134,40.658.000.000.000.000
07.01.2020 23:55:00.419,131.101,131.141,131.088,131.134,40.658.000.000.000.000
07.01.2020 23:55:00.420,131.101,131.141,131.088,131.134,40.658.000.000.000.000
07.01.2020 23:55:00.421,131.101,131.141,131.088,131.134,40.658.000.000.000.000
07.01.2020 23:55:00.422,131.101,131.141,131.088,131.134,40.658.000.000.000.000
07.01.2020 23:55:00.423,131.101,131.141,131.088,131.134,40.658.000.000.000.000
